-- MariaDB dump 10.18  Distrib 10.4.17-MariaDB, for Linux (x86_64)
--
-- Host: impress.openneo.net    Database: openneo_impress
-- ------------------------------------------------------
-- Server version	5.5.62-0ubuntu0.14.04.1-log

/*!40101 SET @OLD_CHARACTER_SET_CLIENT=@@CHARACTER_SET_CLIENT */;
/*!40101 SET @OLD_CHARACTER_SET_RESULTS=@@CHARACTER_SET_RESULTS */;
/*!40101 SET @OLD_COLLATION_CONNECTION=@@COLLATION_CONNECTION */;
/*!40101 SET NAMES utf8mb4 */;
/*!40103 SET @OLD_TIME_ZONE=@@TIME_ZONE */;
/*!40103 SET TIME_ZONE='+00:00' */;
/*!40014 SET @OLD_UNIQUE_CHECKS=@@UNIQUE_CHECKS, UNIQUE_CHECKS=0 */;
/*!40014 SET @OLD_FOREIGN_KEY_CHECKS=@@FOREIGN_KEY_CHECKS, FOREIGN_KEY_CHECKS=0 */;
/*!40101 SET @OLD_SQL_MODE=@@SQL_MODE, SQL_MODE='NO_AUTO_VALUE_ON_ZERO' */;
/*!40111 SET @OLD_SQL_NOTES=@@SQL_NOTES, SQL_NOTES=0 */;

--
-- Table structure for table `species`
--

DROP TABLE IF EXISTS `species`;
/*!40101 SET @saved_cs_client     = @@character_set_client */;
/*!40101 SET character_set_client = utf8 */;
CREATE TABLE `species` (
  `id` int(11) NOT NULL AUTO_INCREMENT,
  PRIMARY KEY (`id`)
) ENGINE=InnoDB AUTO_INCREMENT=56 DEFAULT CHARSET=latin1;
/*!40101 SET character_set_client = @saved_cs_client */;

--
-- Dumping data for table `species`
--

LOCK TABLES `species` WRITE;
/*!40000 ALTER TABLE `species` DISABLE KEYS */;
INSERT INTO `species` VALUES (1),(2),(3),(4),(5),(6),(7),(8),(9),(10),(11),(12),(13),(14),(15),(16),(17),(18),(19),(20),(21),(22),(23),(24),(25),(26),(27),(28),(29),(30),(31),(32),(33),(34),(35),(36),(37),(38),(39),(40),(41),(42),(43),(44),(45),(46),(47),(48),(49),(50),(51),(52),(53),(54),(55);
/*!40000 ALTER TABLE `species` ENABLE KEYS */;
UNLOCK TABLES;

--
-- Table structure for table `species_translations`
--

DROP TABLE IF EXISTS `species_translations`;
/*!40101 SET @saved_cs_client     = @@character_set_client */;
/*!40101 SET character_set_client = utf8 */;
CREATE TABLE `species_translations` (
  `id` int(11) NOT NULL AUTO_INCREMENT,
  `species_id` int(11) DEFAULT NULL,
  `locale` varchar(255) DEFAULT NULL,
  `name` varchar(255) DEFAULT NULL,
  `created_at` datetime DEFAULT NULL,
  `updated_at` datetime DEFAULT NULL,
  PRIMARY KEY (`id`),
  KEY `index_species_translations_on_species_id` (`species_id`),
  KEY `index_species_translations_on_locale` (`locale`)
) ENGINE=InnoDB AUTO_INCREMENT=221 DEFAULT CHARSET=latin1;
/*!40101 SET character_set_client = @saved_cs_client */;

--
-- Dumping data for table `species_translations`
--

LOCK TABLES `species_translations` WRITE;
/*!40000 ALTER TABLE `species_translations` DISABLE KEYS */;
INSERT INTO `species_translations` VALUES (1,1,'en','acara','2013-01-27 06:10:44','2013-01-27 06:10:44'),(2,2,'en','aisha','2013-01-27 06:10:44','2013-01-27 06:10:44'),(3,3,'en','blumaroo','2013-01-27 06:10:44','2013-01-27 06:10:44'),(4,4,'en','bori','2013-01-27 06:10:44','2013-01-27 06:10:44'),(5,5,'en','bruce','2013-01-27 06:10:44','2013-01-27 06:10:44'),(6,6,'en','buzz','2013-01-27 06:10:44','2013-01-27 06:10:44'),(7,7,'en','chia','2013-01-27 06:10:44','2013-01-27 06:10:44'),(8,8,'en','chomby','2013-01-27 06:10:44','2013-01-27 06:10:44'),(9,9,'en','cybunny','2013-01-27 06:10:44','2013-01-27 06:10:44'),(10,10,'en','draik','2013-01-27 06:10:44','2013-01-27 06:10:44'),(11,11,'en','elephante','2013-01-27 06:10:44','2013-01-27 06:10:44'),(12,12,'en','eyrie','2013-01-27 06:10:44','2013-01-27 06:10:44'),(13,13,'en','flotsam','2013-01-27 06:10:44','2013-01-27 06:10:44'),(14,14,'en','gelert','2013-01-27 06:10:44','2013-01-27 06:10:44'),(15,15,'en','gnorbu','2013-01-27 06:10:44','2013-01-27 06:10:44'),(16,16,'en','grarrl','2013-01-27 06:10:44','2013-01-27 06:10:44'),(17,17,'en','grundo','2013-01-27 06:10:44','2013-01-27 06:10:44'),(18,18,'en','hissi','2013-01-27 06:10:44','2013-01-27 06:10:44'),(19,19,'en','ixi','2013-01-27 06:10:44','2013-01-27 06:10:44'),(20,20,'en','jetsam','2013-01-27 06:10:44','2013-01-27 06:10:44'),(21,21,'en','jubjub','2013-01-27 06:10:44','2013-01-27 06:10:44'),(22,22,'en','kacheek','2013-01-27 06:10:44','2013-01-27 06:10:44'),(23,23,'en','kau','2013-01-27 06:10:44','2013-01-27 06:10:44'),(24,24,'en','kiko','2013-01-27 06:10:44','2013-01-27 06:10:44'),(25,25,'en','koi','2013-01-27 06:10:44','2013-01-27 06:10:44'),(26,26,'en','korbat','2013-01-27 06:10:44','2013-01-27 06:10:44'),(27,27,'en','kougra','2013-01-27 06:10:44','2013-01-27 06:10:44'),(28,28,'en','krawk','2013-01-27 06:10:44','2013-01-27 06:10:44'),(29,29,'en','kyrii','2013-01-27 06:10:44','2013-01-27 06:10:44'),(30,30,'en','lenny','2013-01-27 06:10:44','2013-01-27 06:10:44'),(31,31,'en','lupe','2013-01-27 06:10:44','2013-01-27 06:10:44'),(32,32,'en','lutari','2013-01-27 06:10:44','2013-01-27 06:10:44'),(33,33,'en','meerca','2013-01-27 06:10:44','2013-01-27 06:10:44'),(34,34,'en','moehog','2013-01-27 06:10:44','2013-01-27 06:10:44'),(35,35,'en','mynci','2013-01-27 06:10:44','2013-01-27 06:10:44'),(36,36,'en','nimmo','2013-01-27 06:10:44','2013-01-27 06:10:44'),(37,37,'en','ogrin','2013-01-27 06:10:44','2013-01-27 06:10:44'),(38,38,'en','peophin','2013-01-27 06:10:44','2013-01-27 06:10:44'),(39,39,'en','poogle','2013-01-27 06:10:44','2013-01-27 06:10:44'),(40,40,'en','pteri','2013-01-27 06:10:44','2013-01-27 06:10:44'),(41,41,'en','quiggle','2013-01-27 06:10:44','2013-01-27 06:10:44'),(42,42,'en','ruki','2013-01-27 06:10:44','2013-01-27 06:10:44'),(43,43,'en','scorchio','2013-01-27 06:10:44','2013-01-27 06:10:44'),(44,44,'en','shoyru','2013-01-27 06:10:44','2013-01-27 06:10:44'),(45,45,'en','skeith','2013-01-27 06:10:44','2013-01-27 06:10:44'),(46,46,'en','techo','2013-01-27 06:10:44','2013-01-27 06:10:44'),(47,47,'en','tonu','2013-01-27 06:10:44','2013-01-27 06:10:44'),(48,48,'en','tuskaninny','2013-01-27 06:10:44','2013-01-27 06:10:44'),(49,49,'en','uni','2013-01-27 06:10:44','2013-01-27 06:10:44'),(50,50,'en','usul','2013-01-27 06:10:44','2013-01-27 06:10:44'),(51,51,'en','wocky','2013-01-27 06:10:44','2013-01-27 06:10:44'),(52,52,'en','xweetok','2013-01-27 06:10:44','2013-01-27 06:10:44'),(53,53,'en','yurble','2013-01-27 06:10:44','2013-01-27 06:10:44'),(54,54,'en','zafara','2013-01-27 06:10:44','2013-01-27 06:10:44'),(55,1,'pt','acara','2013-01-27 06:11:49','2013-01-27 06:11:49'),(56,2,'pt','aisha','2013-01-27 06:11:49','2013-01-27 06:11:49'),(57,3,'pt','blumaroo','2013-01-27 06:11:49','2013-01-27 06:11:49'),(58,4,'pt','bori','2013-01-27 06:11:49','2013-01-27 06:11:49'),(59,5,'pt','bruce','2013-01-27 06:11:49','2013-01-27 06:11:49'),(60,6,'pt','buzz','2013-01-27 06:11:49','2013-01-27 06:11:49'),(61,7,'pt','chia','2013-01-27 06:11:49','2013-01-27 06:11:49'),(62,8,'pt','chomby','2013-01-27 06:11:49','2013-01-27 06:11:49'),(63,9,'pt','cybunny','2013-01-27 06:11:49','2013-01-27 06:11:49'),(64,10,'pt','draik','2013-01-27 06:11:49','2013-01-27 06:11:49'),(65,11,'pt','elephante','2013-01-27 06:11:49','2013-01-27 06:11:49'),(66,12,'pt','eyrie','2013-01-27 06:11:49','2013-01-27 06:11:49'),(67,13,'pt','flotsam','2013-01-27 06:11:49','2013-01-27 06:11:49'),(68,14,'pt','gelert','2013-01-27 06:11:49','2013-01-27 06:11:49'),(69,15,'pt','gnorbu','2013-01-27 06:11:49','2013-01-27 06:11:49'),(70,16,'pt','grarrl','2013-01-27 06:11:49','2013-01-27 06:11:49'),(71,17,'pt','grundo','2013-01-27 06:11:49','2013-01-27 06:11:49'),(72,18,'pt','hissi','2013-01-27 06:11:49','2013-01-27 06:11:49'),(73,19,'pt','ixi','2013-01-27 06:11:49','2013-01-27 06:11:49'),(74,20,'pt','jetsam','2013-01-27 06:11:49','2013-01-27 06:11:49'),(75,21,'pt','jubjub','2013-01-27 06:11:49','2013-01-27 06:11:49'),(76,22,'pt','kacheek','2013-01-27 06:11:49','2013-01-27 06:11:49'),(77,23,'pt','kau','2013-01-27 06:11:49','2013-01-27 06:11:49'),(78,24,'pt','kiko','2013-01-27 06:11:49','2013-01-27 06:11:49'),(79,25,'pt','koi','2013-01-27 06:11:49','2013-01-27 06:11:49'),(80,26,'pt','korbat','2013-01-27 06:11:49','2013-01-27 06:11:49'),(81,27,'pt','kougra','2013-01-27 06:11:49','2013-01-27 06:11:49'),(82,28,'pt','krawk','2013-01-27 06:11:49','2013-01-27 06:11:49'),(83,29,'pt','kyrii','2013-01-27 06:11:49','2013-01-27 06:11:49'),(84,30,'pt','lenny','2013-01-27 06:11:49','2013-01-27 06:11:49'),(85,31,'pt','lupe','2013-01-27 06:11:49','2013-01-27 06:11:49'),(86,32,'pt','lutari','2013-01-27 06:11:49','2013-01-27 06:11:49'),(87,33,'pt','meerca','2013-01-27 06:11:49','2013-01-27 06:11:49'),(88,34,'pt','moehog','2013-01-27 06:11:49','2013-01-27 06:11:49'),(89,35,'pt','mynci','2013-01-27 06:11:49','2013-01-27 06:11:50'),(90,36,'pt','nimmo','2013-01-27 06:11:50','2013-01-27 06:11:50'),(91,37,'pt','ogrin','2013-01-27 06:11:50','2013-01-27 06:11:50'),(92,38,'pt','peophin','2013-01-27 06:11:50','2013-01-27 06:11:50'),(93,39,'pt','poogle','2013-01-27 06:11:50','2013-01-27 06:11:50'),(94,40,'pt','pteri','2013-01-27 06:11:50','2013-01-27 06:11:50'),(95,41,'pt','quiggle','2013-01-27 06:11:50','2013-01-27 06:11:50'),(96,42,'pt','ruki','2013-01-27 06:11:50','2013-01-27 06:11:50'),(97,43,'pt','scorchio','2013-01-27 06:11:50','2013-01-27 06:11:50'),(98,44,'pt','shoyru','2013-01-27 06:11:50','2013-01-27 06:11:50'),(99,45,'pt','skeith','2013-01-27 06:11:50','2013-01-27 06:11:50'),(100,46,'pt','techo','2013-01-27 06:11:50','2013-01-27 06:11:50'),(101,47,'pt','tonu','2013-01-27 06:11:50','2013-01-27 06:11:50'),(102,48,'pt','tuskaninny','2013-01-27 06:11:50','2013-01-27 06:11:50'),(103,49,'pt','uni','2013-01-27 06:11:50','2013-01-27 06:11:50'),(104,50,'pt','usul','2013-01-27 06:11:50','2013-01-27 06:11:50'),(105,51,'pt','wocky','2013-01-27 06:11:50','2013-01-27 06:11:50'),(106,52,'pt','xweetok','2013-01-27 06:11:50','2013-01-27 06:11:50'),(107,53,'pt','yurble','2013-01-27 06:11:50','2013-01-27 06:11:50'),(108,54,'pt','zafara','2013-01-27 06:11:50','2013-01-27 06:11:50'),(109,1,'en-MEEP','acara','2013-01-28 02:46:51','2013-01-28 02:46:51'),(110,2,'en-MEEP','aisha','2013-01-28 02:46:52','2013-01-28 02:46:52'),(111,3,'en-MEEP','blumaroo','2013-01-28 02:46:52','2013-01-28 02:46:52'),(112,4,'en-MEEP','bori','2013-01-28 02:46:52','2013-01-28 02:46:52'),(113,5,'en-MEEP','bruce','2013-01-28 02:46:52','2013-01-28 02:46:52'),(114,6,'en-MEEP','buzz','2013-01-28 02:46:52','2013-01-28 02:46:52'),(115,7,'en-MEEP','chia','2013-01-28 02:46:52','2013-01-28 02:46:52'),(116,8,'en-MEEP','chomby','2013-01-28 02:46:52','2013-01-28 02:46:52'),(117,9,'en-MEEP','cybunny','2013-01-28 02:46:52','2013-01-28 02:46:52'),(118,10,'en-MEEP','draik','2013-01-28 02:46:52','2013-01-28 02:46:52'),(119,11,'en-MEEP','elephante','2013-01-28 02:46:52','2013-01-28 02:46:52'),(120,12,'en-MEEP','eyrie','2013-01-28 02:46:52','2013-01-28 02:46:52'),(121,13,'en-MEEP','flotsam','2013-01-28 02:46:52','2013-01-28 02:46:52'),(122,14,'en-MEEP','gelert','2013-01-28 02:46:52','2013-01-28 02:46:52'),(123,15,'en-MEEP','gnorbu','2013-01-28 02:46:52','2013-01-28 02:46:52'),(124,16,'en-MEEP','grarrl','2013-01-28 02:46:52','2013-01-28 02:46:52'),(125,17,'en-MEEP','grundo','2013-01-28 02:46:52','2013-01-28 02:46:52'),(126,18,'en-MEEP','hissi','2013-01-28 02:46:52','2013-01-28 02:46:52'),(127,19,'en-MEEP','ixi','2013-01-28 02:46:52','2013-01-28 02:46:52'),(128,20,'en-MEEP','jetsam','2013-01-28 02:46:52','2013-01-28 02:46:52'),(129,21,'en-MEEP','jubjub','2013-01-28 02:46:52','2013-01-28 02:46:52'),(130,22,'en-MEEP','kacheek','2013-01-28 02:46:52','2013-01-28 02:46:52'),(131,23,'en-MEEP','kau','2013-01-28 02:46:52','2013-01-28 02:46:52'),(132,24,'en-MEEP','kiko','2013-01-28 02:46:52','2013-01-28 02:46:52'),(133,25,'en-MEEP','koi','2013-01-28 02:46:52','2013-01-28 02:46:52'),(134,26,'en-MEEP','korbat','2013-01-28 02:46:52','2013-01-28 02:46:52'),(135,27,'en-MEEP','kougra','2013-01-28 02:46:52','2013-01-28 02:46:52'),(136,28,'en-MEEP','krawk','2013-01-28 02:46:52','2013-01-28 02:46:52'),(137,29,'en-MEEP','kyrii','2013-01-28 02:46:52','2013-01-28 02:46:52'),(138,30,'en-MEEP','lenny','2013-01-28 02:46:52','2013-01-28 02:46:52'),(139,31,'en-MEEP','lupe','2013-01-28 02:46:52','2013-01-28 02:46:52'),(140,32,'en-MEEP','lutari','2013-01-28 02:46:52','2013-01-28 02:46:52'),(141,33,'en-MEEP','meerca','2013-01-28 02:46:52','2013-01-28 02:46:52'),(142,34,'en-MEEP','moehog','2013-01-28 02:46:52','2013-01-28 02:46:52'),(143,35,'en-MEEP','mynci','2013-01-28 02:46:52','2013-01-28 02:46:52'),(144,36,'en-MEEP','nimmo','2013-01-28 02:46:52','2013-01-28 02:46:52'),(145,37,'en-MEEP','ogrin','2013-01-28 02:46:52','2013-01-28 02:46:52'),(146,38,'en-MEEP','peophin','2013-01-28 02:46:52','2013-01-28 02:46:52'),(147,39,'en-MEEP','poogle','2013-01-28 02:46:52','2013-01-28 02:46:52'),(148,40,'en-MEEP','pteri','2013-01-28 02:46:52','2013-01-28 02:46:52'),(149,41,'en-MEEP','quiggle','2013-01-28 02:46:52','2013-01-28 02:46:52'),(150,42,'en-MEEP','ruki','2013-01-28 02:46:52','2013-01-28 02:46:52'),(151,43,'en-MEEP','scorchio','2013-01-28 02:46:52','2013-01-28 02:46:52'),(152,44,'en-MEEP','shoyru','2013-01-28 02:46:52','2013-01-28 02:46:52'),(153,45,'en-MEEP','skeith','2013-01-28 02:46:52','2013-01-28 02:46:52'),(154,46,'en-MEEP','techo','2013-01-28 02:46:52','2013-01-28 02:46:52'),(155,47,'en-MEEP','tonu','2013-01-28 02:46:52','2013-01-28 02:46:52'),(156,48,'en-MEEP','tuskaninny','2013-01-28 02:46:52','2013-01-28 02:46:52'),(157,49,'en-MEEP','uni','2013-01-28 02:46:52','2013-01-28 02:46:52'),(158,50,'en-MEEP','usul','2013-01-28 02:46:52','2013-01-28 02:46:52'),(159,51,'en-MEEP','wocky','2013-01-28 02:46:52','2013-01-28 02:46:52'),(160,52,'en-MEEP','xweetok','2013-01-28 02:46:52','2013-01-28 02:46:52'),(161,53,'en-MEEP','yurble','2013-01-28 02:46:52','2013-01-28 02:46:52'),(162,54,'en-MEEP','zafara','2013-01-28 02:46:52','2013-01-28 02:46:52'),(163,1,'es','acara','2013-02-12 05:33:20','2013-02-12 05:33:20'),(164,2,'es','aisha','2013-02-12 05:33:20','2013-02-12 05:33:20'),(165,3,'es','blumaroo','2013-02-12 05:33:20','2013-02-12 05:33:20'),(166,4,'es','bori','2013-02-12 05:33:20','2013-02-12 05:33:20'),(167,5,'es','bruce','2013-02-12 05:33:20','2013-02-12 05:33:20'),(168,6,'es','buzz','2013-02-12 05:33:20','2013-02-12 05:33:20'),(169,7,'es','chia','2013-02-12 05:33:20','2013-02-12 05:33:20'),(170,8,'es','chomby','2013-02-12 05:33:20','2013-02-12 05:33:20'),(171,9,'es','cybunny','2013-02-12 05:33:20','2013-02-12 05:33:20'),(172,10,'es','draik','2013-02-12 05:33:20','2013-02-12 05:33:20'),(173,11,'es','elephante','2013-02-12 05:33:20','2013-02-12 05:33:20'),(174,12,'es','eyrie','2013-02-12 05:33:20','2013-02-12 05:33:20'),(175,13,'es','flotsam','2013-02-12 05:33:20','2013-02-12 05:33:20'),(176,14,'es','gelert','2013-02-12 05:33:20','2013-02-12 05:33:20'),(177,15,'es','gnorbu','2013-02-12 05:33:20','2013-02-12 05:33:20'),(178,16,'es','grarrl','2013-02-12 05:33:20','2013-02-12 05:33:20'),(179,17,'es','grundo','2013-02-12 05:33:20','2013-02-12 05:33:20'),(180,18,'es','hissi','2013-02-12 05:33:20','2013-02-12 05:33:20'),(181,19,'es','ixi','2013-02-12 05:33:20','2013-02-12 05:33:20'),(182,20,'es','jetsam','2013-02-12 05:33:20','2013-02-12 05:33:20'),(183,21,'es','jubjub','2013-02-12 05:33:20','2013-02-12 05:33:20'),(184,22,'es','kacheek','2013-02-12 05:33:20','2013-02-12 05:33:20'),(185,23,'es','kau','2013-02-12 05:33:20','2013-02-12 05:33:20'),(186,24,'es','kiko','2013-02-12 05:33:20','2013-02-12 05:33:20'),(187,25,'es','koi','2013-02-12 05:33:20','2013-02-12 05:33:20'),(188,26,'es','korbat','2013-02-12 05:33:20','2013-02-12 05:33:20'),(189,27,'es','kougra','2013-02-12 05:33:20','2013-02-12 05:33:20'),(190,28,'es','krawk','2013-02-12 05:33:20','2013-02-12 05:33:20'),(191,29,'es','kyrii','2013-02-12 05:33:20','2013-02-12 05:33:20'),(192,30,'es','lenny','2013-02-12 05:33:20','2013-02-12 05:33:20'),(193,31,'es','lupe','2013-02-12 05:33:20','2013-02-12 05:33:20'),(194,32,'es','lutari','2013-02-12 05:33:20','2013-02-12 05:33:20'),(195,33,'es','meerca','2013-02-12 05:33:20','2013-02-12 05:33:20'),(196,34,'es','moehog','2013-02-12 05:33:20','2013-02-12 05:33:20'),(197,35,'es','mynci','2013-02-12 05:33:20','2013-02-12 05:33:20'),(198,36,'es','nimmo','2013-02-12 05:33:20','2013-02-12 05:33:20'),(199,37,'es','ogrin','2013-02-12 05:33:20','2013-02-12 05:33:20'),(200,38,'es','peophin','2013-02-12 05:33:20','2013-02-12 05:33:20'),(201,39,'es','poogle','2013-02-12 05:33:20','2013-02-12 05:33:20'),(202,40,'es','pteri','2013-02-12 05:33:20','2013-02-12 05:33:20'),(203,41,'es','quiggle','2013-02-12 05:33:20','2013-02-12 05:33:20'),(204,42,'es','ruki','2013-02-12 05:33:20','2013-02-12 05:33:20'),(205,43,'es','scorchio','2013-02-12 05:33:20','2013-02-12 05:33:20'),(206,44,'es','shoyru','2013-02-12 05:33:20','2013-02-12 05:33:20'),(207,45,'es','skeith','2013-02-12 05:33:20','2013-02-12 05:33:20'),(208,46,'es','techo','2013-02-12 05:33:20','2013-02-12 05:33:20'),(209,47,'es','tonu','2013-02-12 05:33:20','2013-02-12 05:33:20'),(210,48,'es','tuskaninny','2013-02-12 05:33:20','2013-02-12 05:33:20'),(211,49,'es','uni','2013-02-12 05:33:20','2013-02-12 05:33:20'),(212,50,'es','usul','2013-02-12 05:33:20','2013-02-12 05:33:20'),(213,51,'es','wocky','2013-02-12 05:33:20','2013-02-12 05:33:20'),(214,52,'es','xweetok','2013-02-12 05:33:20','2013-02-12 05:33:20'),(215,53,'es','yurble','2013-02-12 05:33:20','2013-02-12 05:33:20'),(216,54,'es','zafara','2013-02-12 05:33:20','2013-02-12 05:33:20'),(217,55,'en','vandagyre','2014-11-12 19:25:07','2014-11-12 19:27:08'),(218,55,'pt','Vandagyre','2014-11-15 01:46:46','2014-11-15 01:46:46'),(219,55,'es','Vandagyre','2014-11-15 01:46:46','2014-11-15 01:46:46'),(220,55,'en-MEEP','Vandagyre','2014-11-15 01:47:04','2014-11-15 01:47:04');
/*!40000 ALTER TABLE `species_translations` ENABLE KEYS */;
UNLOCK TABLES;

--
-- Table structure for table `colors`
--

DROP TABLE IF EXISTS `colors`;
/*!40101 SET @saved_cs_client     = @@character_set_client */;
/*!40101 SET character_set_client = utf8 */;
CREATE TABLE `colors` (
  `id` int(11) NOT NULL AUTO_INCREMENT,
  `basic` tinyint(1) DEFAULT NULL,
  `standard` tinyint(1) DEFAULT NULL,
  `prank` tinyint(1) NOT NULL DEFAULT '0',
  PRIMARY KEY (`id`)
) ENGINE=InnoDB AUTO_INCREMENT=115 DEFAULT CHARSET=latin1;
/*!40101 SET character_set_client = @saved_cs_client */;

--
-- Dumping data for table `colors`
--

LOCK TABLES `colors` WRITE;
/*!40000 ALTER TABLE `colors` DISABLE KEYS */;
INSERT INTO `colors` VALUES (-1,0,1,1),(1,0,1,0),(2,0,0,0),(3,0,0,0),(4,0,0,0),(5,0,0,0),(6,0,0,0),(7,0,1,0),(8,1,1,0),(9,0,0,0),(10,0,1,0),(11,0,1,0),(12,0,0,0),(13,0,1,0),(14,0,1,0),(15,0,0,0),(16,0,1,0),(17,0,1,0),(18,0,1,0),(19,0,1,0),(20,0,1,0),(21,0,1,0),(22,0,1,0),(23,0,1,0),(24,0,0,0),(25,0,1,0),(26,0,1,0),(27,0,1,0),(28,0,1,0),(29,0,1,0),(30,0,1,0),(31,0,1,0),(32,0,0,0),(33,0,0,0),(34,1,1,0),(35,0,1,0),(36,0,1,0),(37,0,1,0),(38,0,1,0),(39,0,1,0),(40,0,1,0),(41,0,0,0),(42,0,0,0),(43,0,1,0),(44,0,0,0),(45,0,1,0),(46,0,0,0),(47,0,0,0),(48,0,0,0),(49,0,0,0),(50,0,0,0),(51,0,0,0),(52,0,0,0),(53,0,1,0),(54,0,1,0),(55,0,0,0),(56,0,1,0),(57,0,1,0),(58,0,1,0),(59,0,1,0),(60,0,1,0),(61,1,1,0),(62,0,1,0),(63,0,1,0),(64,0,1,0),(65,0,1,0),(66,0,1,0),(67,0,1,0),(68,0,1,0),(69,0,1,0),(70,0,1,0),(71,0,1,0),(72,0,1,0),(73,0,1,0),(74,0,1,0),(75,0,1,0),(76,0,1,0),(77,0,1,0),(78,0,0,0),(79,0,0,0),(80,0,1,0),(81,0,1,0),(82,0,1,0),(83,0,1,0),(84,1,1,0),(85,0,1,0),(86,0,0,0),(87,0,1,0),(88,0,1,0),(89,0,1,0),(90,0,1,0),(91,0,1,0),(92,0,0,0),(93,0,1,0),(94,0,1,0),(95,0,1,0),(96,0,1,0),(97,0,1,0),(98,0,1,0),(99,0,1,0),(100,0,1,0),(101,0,0,0),(102,0,1,0),(103,0,1,0),(104,0,1,0),(105,0,1,0),(106,0,1,0),(107,NULL,1,0),(108,0,1,0),(109,0,0,0),(110,0,1,0),(111,0,1,0),(112,0,1,0),(114,0,1,0);
/*!40000 ALTER TABLE `colors` ENABLE KEYS */;
UNLOCK TABLES;

--
-- Table structure for table `color_translations`
--

DROP TABLE IF EXISTS `color_translations`;
/*!40101 SET @saved_cs_client     = @@character_set_client */;
/*!40101 SET character_set_client = utf8 */;
CREATE TABLE `color_translations` (
  `id` int(11) NOT NULL AUTO_INCREMENT,
  `color_id` int(11) DEFAULT NULL,
  `locale` varchar(255) DEFAULT NULL,
  `name` varchar(255) DEFAULT NULL,
  `created_at` datetime DEFAULT NULL,
  `updated_at` datetime DEFAULT NULL,
  PRIMARY KEY (`id`),
  KEY `index_color_translations_on_color_id` (`color_id`),
  KEY `index_color_translations_on_locale` (`locale`)
) ENGINE=InnoDB AUTO_INCREMENT=430 DEFAULT CHARSET=latin1;
/*!40101 SET character_set_client = @saved_cs_client */;

--
-- Dumping data for table `color_translations`
--

LOCK TABLES `color_translations` WRITE;
/*!40000 ALTER TABLE `color_translations` DISABLE KEYS */;
INSERT INTO `color_translations` VALUES (1,1,'en','alien','2013-01-27 06:10:44','2013-01-27 06:10:44'),(2,2,'en','apple','2013-01-27 06:10:44','2013-01-27 06:10:44'),(3,3,'en','asparagus','2013-01-27 06:10:44','2013-01-27 06:10:44'),(4,4,'en','aubergine','2013-01-27 06:10:44','2013-01-27 06:10:44'),(5,5,'en','avocado','2013-01-27 06:10:44','2013-01-27 06:10:44'),(6,6,'en','baby','2013-01-27 06:10:44','2013-01-27 06:10:44'),(7,7,'en','biscuit','2013-01-27 06:10:44','2013-01-27 06:10:44'),(8,8,'en','blue','2013-01-27 06:10:44','2013-01-27 06:10:44'),(9,9,'en','blueberry','2013-01-27 06:10:44','2013-01-27 06:10:44'),(10,10,'en','brown','2013-01-27 06:10:44','2013-01-27 06:10:44'),(11,11,'en','camouflage','2013-01-27 06:10:44','2013-01-27 06:10:44'),(12,12,'en','carrot','2013-01-27 06:10:44','2013-01-27 06:10:44'),(13,13,'en','checkered','2013-01-27 06:10:44','2013-01-27 06:10:44'),(14,14,'en','chocolate','2013-01-27 06:10:44','2013-01-27 06:10:44'),(15,15,'en','chokato','2013-01-27 06:10:44','2013-01-27 06:10:44'),(16,16,'en','christmas','2013-01-27 06:10:44','2013-01-27 06:10:44'),(17,17,'en','clay','2013-01-27 06:10:44','2013-01-27 06:10:44'),(18,18,'en','cloud','2013-01-27 06:10:44','2013-01-27 06:10:44'),(19,19,'en','coconut','2013-01-27 06:10:44','2013-01-27 06:10:44'),(20,20,'en','custard','2013-01-27 06:10:44','2013-01-27 06:10:44'),(21,21,'en','darigan','2013-01-27 06:10:44','2013-01-27 06:10:44'),(22,22,'en','desert','2013-01-27 06:10:44','2013-01-27 06:10:44'),(23,23,'en','disco','2013-01-27 06:10:44','2013-01-27 06:10:44'),(24,24,'en','durian','2013-01-27 06:10:44','2013-01-27 06:10:44'),(25,25,'en','electric','2013-01-27 06:10:44','2013-01-27 06:10:44'),(26,26,'en','faerie','2013-01-27 06:10:44','2013-01-27 06:10:44'),(27,27,'en','fire','2013-01-27 06:10:44','2013-01-27 06:10:44'),(28,28,'en','garlic','2013-01-27 06:10:44','2013-01-27 06:10:44'),(29,29,'en','ghost','2013-01-27 06:10:44','2013-01-27 06:10:44'),(30,30,'en','glowing','2013-01-27 06:10:44','2013-01-27 06:10:44'),(31,31,'en','gold','2013-01-27 06:10:44','2013-01-27 06:10:44'),(32,32,'en','gooseberry','2013-01-27 06:10:44','2013-01-27 06:10:44'),(33,33,'en','grape','2013-01-27 06:10:44','2013-01-27 06:10:44'),(34,34,'en','green','2013-01-27 06:10:44','2013-01-27 06:10:44'),(35,35,'en','grey','2013-01-27 06:10:44','2013-01-27 06:10:44'),(36,36,'en','halloween','2013-01-27 06:10:44','2013-01-27 06:10:44'),(37,37,'en','ice','2013-01-27 06:10:44','2013-01-27 06:10:44'),(38,38,'en','invisible','2013-01-27 06:10:44','2013-01-27 06:10:44'),(39,39,'en','island','2013-01-27 06:10:44','2013-01-27 06:10:44'),(40,40,'en','jelly','2013-01-27 06:10:44','2013-01-27 06:10:44'),(41,41,'en','lemon','2013-01-27 06:10:44','2013-01-27 06:10:44'),(42,42,'en','lime','2013-01-27 06:10:44','2013-01-27 06:10:44'),(43,43,'en','mallow','2013-01-27 06:10:44','2013-01-27 06:10:44'),(44,44,'en','maraquan','2013-01-27 06:10:44','2013-01-27 06:10:44'),(45,45,'en','msp','2013-01-27 06:10:45','2013-01-27 06:10:45'),(46,46,'en','mutant','2013-01-27 06:10:45','2013-01-27 06:10:45'),(47,47,'en','orange','2013-01-27 06:10:45','2013-01-27 06:10:45'),(48,48,'en','pea','2013-01-27 06:10:45','2013-01-27 06:10:45'),(49,49,'en','peach','2013-01-27 06:10:45','2013-01-27 06:10:45'),(50,50,'en','pear','2013-01-27 06:10:45','2013-01-27 06:10:45'),(51,51,'en','pepper','2013-01-27 06:10:45','2013-01-27 06:10:45'),(52,52,'en','pineapple','2013-01-27 06:10:45','2013-01-27 06:10:45'),(53,53,'en','pink','2013-01-27 06:10:45','2013-01-27 06:10:45'),(54,54,'en','pirate','2013-01-27 06:10:45','2013-01-27 06:10:45'),(55,55,'en','plum','2013-01-27 06:10:45','2013-01-27 06:10:45'),(56,56,'en','plushie','2013-01-27 06:10:45','2013-01-27 06:10:45'),(57,57,'en','purple','2013-01-27 06:10:45','2013-01-27 06:10:45'),(58,58,'en','quigukiboy','2013-01-27 06:10:45','2013-01-27 06:10:45'),(59,59,'en','quigukigirl','2013-01-27 06:10:45','2013-01-27 06:10:45'),(60,60,'en','rainbow','2013-01-27 06:10:45','2013-01-27 06:10:45'),(61,61,'en','red','2013-01-27 06:10:45','2013-01-27 06:10:45'),(62,62,'en','robot','2013-01-27 06:10:45','2013-01-27 06:10:45'),(63,63,'en','royalboy','2013-01-27 06:10:45','2013-01-27 06:10:45'),(64,64,'en','royalgirl','2013-01-27 06:10:45','2013-01-27 06:10:45'),(65,65,'en','shadow','2013-01-27 06:10:45','2013-01-27 06:10:45'),(66,66,'en','silver','2013-01-27 06:10:45','2013-01-27 06:10:45'),(67,67,'en','sketch','2013-01-27 06:10:45','2013-01-27 06:10:45'),(68,68,'en','skunk','2013-01-27 06:10:45','2013-01-27 06:10:45'),(69,69,'en','snot','2013-01-27 06:10:45','2013-01-27 06:10:45'),(70,70,'en','snow','2013-01-27 06:10:45','2013-01-27 06:10:45'),(71,71,'en','speckled','2013-01-27 06:10:45','2013-01-27 06:10:45'),(72,72,'en','split','2013-01-27 06:10:45','2013-01-27 06:10:45'),(73,73,'en','sponge','2013-01-27 06:10:45','2013-01-27 06:10:45'),(74,74,'en','spotted','2013-01-27 06:10:45','2013-01-27 06:10:45'),(75,75,'en','starry','2013-01-27 06:10:45','2013-01-27 06:10:45'),(76,76,'en','strawberry','2013-01-27 06:10:45','2013-01-27 06:10:45'),(77,77,'en','striped','2013-01-27 06:10:45','2013-01-27 06:10:45'),(78,78,'en','thornberry','2013-01-27 06:10:45','2013-01-27 06:10:45'),(79,79,'en','tomato','2013-01-27 06:10:45','2013-01-27 06:10:45'),(80,80,'en','tyrannian','2013-01-27 06:10:45','2013-01-27 06:10:45'),(81,81,'en','usuki boy','2013-01-27 06:10:45','2013-12-21 01:15:29'),(82,82,'en','usuki girl','2013-01-27 06:10:45','2013-12-21 01:15:29'),(83,83,'en','white','2013-01-27 06:10:45','2013-01-27 06:10:45'),(84,84,'en','yellow','2013-01-27 06:10:45','2013-01-27 06:10:45'),(85,85,'en','zombie','2013-01-27 06:10:45','2013-01-27 06:10:45'),(86,86,'en','onion','2013-01-27 06:10:45','2013-01-27 06:10:45'),(87,87,'en','magma','2013-01-27 06:10:45','2013-01-27 06:10:45'),(88,88,'en','relic','2013-01-27 06:10:45','2013-01-27 06:10:45'),(89,89,'en','woodland','2013-01-27 06:10:45','2013-01-27 06:10:45'),(90,90,'en','transparent','2013-01-27 06:10:45','2013-01-27 06:10:45'),(91,91,'en','maractite','2013-01-27 06:10:45','2013-01-27 06:10:45'),(92,92,'en','8-bit','2013-01-27 06:10:45','2013-01-27 06:10:45'),(93,93,'en','swamp gas','2013-01-27 06:10:45','2013-01-27 06:10:45'),(94,94,'en','water','2013-01-27 06:10:45','2013-01-27 06:10:45'),(95,95,'en','wraith','2013-01-27 06:10:45','2013-01-27 06:10:45'),(96,96,'en','eventide','2013-01-27 06:10:45','2013-01-27 06:10:45'),(97,97,'en','elderlyboy','2013-01-27 06:10:45','2013-01-27 06:10:45'),(98,98,'en','elderlygirl','2013-01-27 06:10:45','2013-01-27 06:10:45'),(99,99,'en','stealthy','2013-01-27 06:10:45','2013-01-27 06:10:45'),(100,100,'en','dimensional','2013-01-27 06:10:45','2013-01-27 06:10:45'),(101,94,'pt','Água','2013-01-27 06:11:50','2013-01-27 06:11:50'),(102,92,'pt','8-bit','2013-01-27 06:11:50','2013-01-27 06:11:50'),(103,5,'pt','abacate','2013-01-27 06:11:50','2013-01-27 06:11:50'),(104,52,'pt','abacaxi','2013-01-27 06:11:50','2013-01-27 06:11:50'),(105,28,'pt','alho','2013-01-27 06:11:50','2013-01-27 06:11:50'),(106,1,'pt','alienígena','2013-01-27 06:11:50','2013-01-27 06:11:50'),(107,84,'pt','amarelo','2013-01-27 06:11:50','2013-01-27 06:11:50'),(108,55,'pt','ameixa','2013-01-27 06:11:50','2013-01-27 06:11:50'),(109,60,'pt','arco-íris','2013-01-27 06:11:50','2013-01-27 06:11:50'),(110,17,'pt','argila','2013-01-27 06:11:50','2013-01-27 06:11:50'),(111,3,'pt','aspargos','2013-01-27 06:11:50','2013-01-27 06:11:50'),(112,95,'pt','assombração','2013-01-27 06:11:50','2013-01-27 06:11:50'),(113,8,'pt','azul','2013-01-27 06:11:50','2013-01-27 06:11:50'),(114,6,'pt','bebê','2013-01-27 06:11:50','2013-01-27 06:11:50'),(115,4,'pt','berinjela','2013-01-27 06:11:50','2013-01-27 06:11:50'),(116,7,'pt','biscoito','2013-01-27 06:11:50','2013-01-27 06:11:50'),(117,89,'pt','bosque','2013-01-27 06:11:50','2013-01-27 06:11:50'),(118,83,'pt','branco','2013-01-27 06:11:50','2013-01-27 06:11:50'),(119,30,'pt','brilhante','2013-01-27 06:11:50','2013-01-27 06:11:50'),(120,11,'pt','camuflagem','2013-01-27 06:11:50','2013-01-27 06:11:50'),(121,86,'pt','cebola','2013-01-27 06:11:50','2013-01-27 06:11:50'),(122,12,'pt','cenoura','2013-01-27 06:11:50','2013-01-27 06:11:50'),(123,14,'pt','chocolate','2013-01-27 06:11:50','2013-01-27 06:11:50'),(124,15,'pt','chokato','2013-01-27 06:11:50','2013-01-27 06:11:50'),(125,35,'pt','cinza','2013-01-27 06:11:50','2013-01-27 06:11:50'),(126,19,'pt','coco','2013-01-27 06:11:50','2013-01-27 06:11:50'),(127,20,'pt','creme','2013-01-27 06:11:50','2013-01-27 06:11:50'),(128,96,'pt','crepúsculo','2013-01-27 06:11:50','2013-01-27 06:11:50'),(129,21,'pt','darigan','2013-01-27 06:11:50','2013-01-27 06:11:50'),(130,22,'pt','deserto','2013-01-27 06:11:50','2013-01-27 06:11:50'),(131,100,'pt','dimensional','2013-01-27 06:11:50','2013-01-27 06:11:50'),(132,23,'pt','discoteca','2013-01-27 06:11:50','2013-01-27 06:11:50'),(133,72,'pt','dividido','2013-01-27 06:11:50','2013-01-27 06:11:50'),(134,31,'pt','dourado','2013-01-27 06:11:50','2013-01-27 06:11:50'),(135,24,'pt','durian','2013-01-27 06:11:50','2013-01-27 06:11:50'),(136,25,'pt','elétrico','2013-01-27 06:11:50','2013-01-27 06:11:50'),(137,48,'pt','ervilha','2013-01-27 06:11:50','2013-01-27 06:11:50'),(138,73,'pt','esponja','2013-01-27 06:11:50','2013-01-27 06:11:50'),(139,75,'pt','estrelado','2013-01-27 06:11:50','2013-01-27 06:11:50'),(140,26,'pt','fada','2013-01-27 06:11:50','2013-01-27 06:11:50'),(141,29,'pt','fantasma','2013-01-27 06:11:50','2013-01-27 06:11:50'),(142,27,'pt','fogo','2013-01-27 06:11:50','2013-01-27 06:11:50'),(143,78,'pt','frutathorn','2013-01-27 06:11:50','2013-01-27 06:11:50'),(144,68,'pt','gambá','2013-01-27 06:11:50','2013-01-27 06:11:50'),(145,82,'pt','garota usuki','2013-01-27 06:11:50','2013-01-27 06:11:50'),(146,81,'pt','garoto usuki','2013-01-27 06:11:50','2013-01-27 06:11:50'),(147,93,'pt','gas metano','2013-01-27 06:11:50','2013-01-27 06:11:50'),(148,40,'pt','gelatina','2013-01-27 06:11:50','2013-01-27 06:11:50'),(149,37,'pt','gelo','2013-01-27 06:11:50','2013-01-27 06:11:50'),(150,32,'pt','groselha','2013-01-27 06:11:50','2013-01-27 06:11:50'),(151,36,'pt','halloween','2013-01-27 06:11:50','2013-01-27 06:11:50'),(152,98,'pt','idosa ','2013-01-27 06:11:50','2013-01-27 06:11:50'),(153,97,'pt','idoso ','2013-01-27 06:11:50','2013-01-27 06:11:50'),(154,39,'pt','ilha','2013-01-27 06:11:50','2013-01-27 06:11:50'),(155,38,'pt','invisível','2013-01-27 06:11:50','2013-01-27 06:11:50'),(156,47,'pt','laranja','2013-01-27 06:11:50','2013-01-27 06:11:50'),(157,41,'pt','limão','2013-01-27 06:11:50','2013-01-27 06:11:50'),(158,42,'pt','lima','2013-01-27 06:11:50','2013-01-27 06:11:50'),(159,77,'pt','listrado','2013-01-27 06:11:50','2013-01-27 06:11:50'),(160,2,'pt','maçã','2013-01-27 06:11:51','2013-01-27 06:11:51'),(161,87,'pt','magma','2013-01-27 06:11:51','2013-01-27 06:11:51'),(162,71,'pt','manchado','2013-01-27 06:11:51','2013-01-27 06:11:51'),(163,91,'pt','maractita','2013-01-27 06:11:51','2013-01-27 06:11:51'),(164,44,'pt','maraquano','2013-01-27 06:11:51','2013-01-27 06:11:51'),(165,10,'pt','marrom','2013-01-27 06:11:51','2013-01-27 06:11:51'),(166,43,'pt','marshmallow','2013-01-27 06:11:51','2013-01-27 06:11:51'),(167,69,'pt','meleca','2013-01-27 06:11:51','2013-01-27 06:11:51'),(168,9,'pt','mirtilo','2013-01-27 06:11:51','2013-01-27 06:11:51'),(169,76,'pt','morango','2013-01-27 06:11:51','2013-01-27 06:11:51'),(170,45,'pt','msp','2013-01-27 06:11:51','2013-01-27 06:11:51'),(171,46,'pt','mutante','2013-01-27 06:11:51','2013-01-27 06:11:51'),(172,16,'pt','natal','2013-01-27 06:11:51','2013-01-27 06:11:51'),(173,70,'pt','neve','2013-01-27 06:11:51','2013-01-27 06:11:51'),(174,18,'pt','nuvem','2013-01-27 06:11:51','2013-01-27 06:11:51'),(175,50,'pt','pêra','2013-01-27 06:11:51','2013-01-27 06:11:51'),(176,49,'pt','pêssego','2013-01-27 06:11:51','2013-01-27 06:11:51'),(177,56,'pt','pelúcia','2013-01-27 06:11:51','2013-01-27 06:11:51'),(178,51,'pt','pimenta','2013-01-27 06:11:51','2013-01-27 06:11:51'),(179,74,'pt','pintado','2013-01-27 06:11:51','2013-01-27 06:11:51'),(180,54,'pt','pirata','2013-01-27 06:11:51','2013-01-27 06:11:51'),(181,66,'pt','prata','2013-01-27 06:11:51','2013-01-27 06:11:51'),(182,59,'pt','quiguki fêmea','2013-01-27 06:11:51','2013-01-27 06:11:51'),(183,58,'pt','quiguki macho','2013-01-27 06:11:51','2013-01-27 06:11:51'),(184,67,'pt','rascunho','2013-01-27 06:11:51','2013-01-27 06:11:51'),(185,64,'pt','real fêmea','2013-01-27 06:11:51','2013-01-27 06:11:51'),(186,63,'pt','real macho','2013-01-27 06:11:51','2013-01-27 06:11:51'),(187,88,'pt','relíquia','2013-01-27 06:11:51','2013-01-27 06:11:51'),(188,62,'pt','robô','2013-01-27 06:11:51','2013-01-27 06:11:51'),(189,53,'pt','rosa','2013-01-27 06:11:51','2013-01-27 06:11:51'),(190,57,'pt','roxo','2013-01-27 06:11:51','2013-01-27 06:11:51'),(191,99,'pt','sigiloso','2013-01-27 06:11:51','2013-01-27 06:11:51'),(192,65,'pt','sombra','2013-01-27 06:11:51','2013-01-27 06:11:51'),(193,79,'pt','tomate','2013-01-27 06:11:51','2013-01-27 06:11:51'),(194,90,'pt','transparente','2013-01-27 06:11:51','2013-01-27 06:11:51'),(195,80,'pt','tyranniano','2013-01-27 06:11:51','2013-01-27 06:11:51'),(196,33,'pt','uva','2013-01-27 06:11:51','2013-01-27 06:11:51'),(197,34,'pt','verde','2013-01-27 06:11:51','2013-01-27 06:11:51'),(198,61,'pt','vermelho','2013-01-27 06:11:51','2013-01-27 06:11:51'),(199,13,'pt','xadrez','2013-01-27 06:11:51','2013-01-27 06:11:51'),(200,85,'pt','zumbi','2013-01-27 06:11:51','2013-01-27 06:11:51'),(201,92,'en-MEEP','8-bit','2013-01-28 02:46:52','2013-01-28 02:46:52'),(202,1,'en-MEEP','alien','2013-01-28 02:46:52','2013-01-28 02:46:52'),(203,2,'en-MEEP','apple','2013-01-28 02:46:52','2013-01-28 02:46:52'),(204,3,'en-MEEP','asparagus','2013-01-28 02:46:52','2013-01-28 02:46:52'),(205,4,'en-MEEP','aubergine','2013-01-28 02:46:52','2013-01-28 02:46:52'),(206,5,'en-MEEP','avocado','2013-01-28 02:46:52','2013-01-28 02:46:52'),(207,6,'en-MEEP','baby','2013-01-28 02:46:52','2013-01-28 02:46:52'),(208,7,'en-MEEP','biscuit','2013-01-28 02:46:52','2013-01-28 02:46:52'),(209,8,'en-MEEP','blue','2013-01-28 02:46:52','2013-01-28 02:46:52'),(210,9,'en-MEEP','blueberry','2013-01-28 02:46:52','2013-01-28 02:46:52'),(211,10,'en-MEEP','brown','2013-01-28 02:46:52','2013-01-28 02:46:52'),(212,11,'en-MEEP','camouflage','2013-01-28 02:46:52','2013-01-28 02:46:52'),(213,12,'en-MEEP','carrot','2013-01-28 02:46:52','2013-01-28 02:46:52'),(214,13,'en-MEEP','checkered','2013-01-28 02:46:52','2013-01-28 02:46:52'),(215,14,'en-MEEP','chocolate','2013-01-28 02:46:52','2013-01-28 02:46:52'),(216,15,'en-MEEP','chokato','2013-01-28 02:46:52','2013-01-28 02:46:52'),(217,16,'en-MEEP','christmas','2013-01-28 02:46:52','2013-01-28 02:46:52'),(218,17,'en-MEEP','clay','2013-01-28 02:46:52','2013-01-28 02:46:52'),(219,18,'en-MEEP','cloud','2013-01-28 02:46:52','2013-01-28 02:46:52'),(220,19,'en-MEEP','coconut','2013-01-28 02:46:52','2013-01-28 02:46:52'),(221,20,'en-MEEP','custard','2013-01-28 02:46:52','2013-01-28 02:46:52'),(222,21,'en-MEEP','darigan','2013-01-28 02:46:52','2013-01-28 02:46:52'),(223,22,'en-MEEP','desert','2013-01-28 02:46:52','2013-01-28 02:46:53'),(224,100,'en-MEEP','dimensional','2013-01-28 02:46:53','2013-01-28 02:46:53'),(225,23,'en-MEEP','disco','2013-01-28 02:46:53','2013-01-28 02:46:53'),(226,24,'en-MEEP','durian','2013-01-28 02:46:53','2013-01-28 02:46:53'),(227,97,'en-MEEP','elderlyboy','2013-01-28 02:46:53','2013-01-28 02:46:53'),(228,98,'en-MEEP','elderlygirl','2013-01-28 02:46:53','2013-01-28 02:46:53'),(229,25,'en-MEEP','electric','2013-01-28 02:46:53','2013-01-28 02:46:53'),(230,96,'en-MEEP','eventide','2013-01-28 02:46:53','2013-01-28 02:46:53'),(231,26,'en-MEEP','faerie','2013-01-28 02:46:53','2013-01-28 02:46:53'),(232,27,'en-MEEP','fire','2013-01-28 02:46:53','2013-01-28 02:46:53'),(233,28,'en-MEEP','garlic','2013-01-28 02:46:53','2013-01-28 02:46:53'),(234,29,'en-MEEP','ghost','2013-01-28 02:46:53','2013-01-28 02:46:53'),(235,30,'en-MEEP','glowing','2013-01-28 02:46:53','2013-01-28 02:46:53'),(236,31,'en-MEEP','gold','2013-01-28 02:46:53','2013-01-28 02:46:53'),(237,32,'en-MEEP','gooseberry','2013-01-28 02:46:53','2013-01-28 02:46:53'),(238,33,'en-MEEP','grape','2013-01-28 02:46:53','2013-01-28 02:46:53'),(239,34,'en-MEEP','green','2013-01-28 02:46:53','2013-01-28 02:46:53'),(240,35,'en-MEEP','grey','2013-01-28 02:46:53','2013-01-28 02:46:53'),(241,36,'en-MEEP','halloween','2013-01-28 02:46:53','2013-01-28 02:46:53'),(242,37,'en-MEEP','ice','2013-01-28 02:46:53','2013-01-28 02:46:53'),(243,38,'en-MEEP','invisible','2013-01-28 02:46:53','2013-01-28 02:46:53'),(244,39,'en-MEEP','island','2013-01-28 02:46:53','2013-01-28 02:46:53'),(245,40,'en-MEEP','jelly','2013-01-28 02:46:53','2013-01-28 02:46:53'),(246,41,'en-MEEP','lemon','2013-01-28 02:46:53','2013-01-28 02:46:53'),(247,42,'en-MEEP','lime','2013-01-28 02:46:53','2013-01-28 02:46:53'),(248,87,'en-MEEP','magma','2013-01-28 02:46:53','2013-01-28 02:46:53'),(249,43,'en-MEEP','mallow','2013-01-28 02:46:53','2013-01-28 02:46:53'),(250,91,'en-MEEP','maractite','2013-01-28 02:46:53','2013-01-28 02:46:53'),(251,44,'en-MEEP','maraquan','2013-01-28 02:46:53','2013-01-28 02:46:53'),(252,45,'en-MEEP','msp','2013-01-28 02:46:53','2013-01-28 02:46:53'),(253,46,'en-MEEP','mutant','2013-01-28 02:46:53','2013-01-28 02:46:53'),(254,86,'en-MEEP','onion','2013-01-28 02:46:53','2013-01-28 02:46:53'),(255,47,'en-MEEP','orange','2013-01-28 02:46:53','2013-01-28 02:46:53'),(256,48,'en-MEEP','pea','2013-01-28 02:46:53','2013-01-28 02:46:53'),(257,49,'en-MEEP','peach','2013-01-28 02:46:53','2013-01-28 02:46:53'),(258,50,'en-MEEP','pear','2013-01-28 02:46:53','2013-01-28 02:46:53'),(259,51,'en-MEEP','pepper','2013-01-28 02:46:53','2013-01-28 02:46:53'),(260,52,'en-MEEP','pineapple','2013-01-28 02:46:53','2013-01-28 02:46:53'),(261,53,'en-MEEP','pink','2013-01-28 02:46:53','2013-01-28 02:46:53'),(262,54,'en-MEEP','pirate','2013-01-28 02:46:53','2013-01-28 02:46:53'),(263,55,'en-MEEP','plum','2013-01-28 02:46:53','2013-01-28 02:46:53'),(264,56,'en-MEEP','plushie','2013-01-28 02:46:53','2013-01-28 02:46:53'),(265,57,'en-MEEP','purple','2013-01-28 02:46:53','2013-01-28 02:46:53'),(266,58,'en-MEEP','quigukiboy','2013-01-28 02:46:53','2013-01-28 02:46:53'),(267,59,'en-MEEP','quigukigirl','2013-01-28 02:46:53','2013-01-28 02:46:53'),(268,60,'en-MEEP','rainbow','2013-01-28 02:46:53','2013-01-28 02:46:53'),(269,61,'en-MEEP','red','2013-01-28 02:46:53','2013-01-28 02:46:53'),(270,88,'en-MEEP','relic','2013-01-28 02:46:53','2013-01-28 02:46:53'),(271,62,'en-MEEP','robot','2013-01-28 02:46:53','2013-01-28 02:46:53'),(272,63,'en-MEEP','royalboy','2013-01-28 02:46:53','2013-01-28 02:46:53'),(273,64,'en-MEEP','royalgirl','2013-01-28 02:46:53','2013-01-28 02:46:53'),(274,65,'en-MEEP','shadow','2013-01-28 02:46:53','2013-01-28 02:46:53'),(275,66,'en-MEEP','silver','2013-01-28 02:46:53','2013-01-28 02:46:53'),(276,67,'en-MEEP','sketch','2013-01-28 02:46:53','2013-01-28 02:46:53'),(277,68,'en-MEEP','skunk','2013-01-28 02:46:53','2013-01-28 02:46:53'),(278,69,'en-MEEP','snot','2013-01-28 02:46:53','2013-01-28 02:46:53'),(279,70,'en-MEEP','snow','2013-01-28 02:46:53','2013-01-28 02:46:53'),(280,71,'en-MEEP','speckled','2013-01-28 02:46:53','2013-01-28 02:46:53'),(281,72,'en-MEEP','split','2013-01-28 02:46:53','2013-01-28 02:46:53'),(282,73,'en-MEEP','sponge','2013-01-28 02:46:53','2013-01-28 02:46:53'),(283,74,'en-MEEP','spotted','2013-01-28 02:46:53','2013-01-28 02:46:53'),(284,75,'en-MEEP','starry','2013-01-28 02:46:53','2013-01-28 02:46:53'),(285,99,'en-MEEP','stealthy','2013-01-28 02:46:53','2013-01-28 02:46:53'),(286,76,'en-MEEP','strawberry','2013-01-28 02:46:53','2013-01-28 02:46:53'),(287,77,'en-MEEP','striped','2013-01-28 02:46:53','2013-01-28 02:46:53'),(288,93,'en-MEEP','swamp gas','2013-01-28 02:46:53','2013-01-28 02:46:53'),(289,78,'en-MEEP','thornberry','2013-01-28 02:46:53','2013-01-28 02:46:53'),(290,79,'en-MEEP','tomato','2013-01-28 02:46:53','2013-01-28 02:46:53'),(291,90,'en-MEEP','transparent','2013-01-28 02:46:53','2013-01-28 02:46:53'),(292,80,'en-MEEP','tyrannian','2013-01-28 02:46:53','2013-01-28 02:46:53'),(293,81,'en-MEEP','usuki boy','2013-01-28 02:46:53','2013-01-28 02:46:53'),(294,82,'en-MEEP','usuki girl','2013-01-28 02:46:53','2013-01-28 02:46:53'),(295,94,'en-MEEP','water','2013-01-28 02:46:53','2013-01-28 02:46:53'),(296,83,'en-MEEP','white','2013-01-28 02:46:53','2013-01-28 02:46:53'),(297,89,'en-MEEP','woodland','2013-01-28 02:46:53','2013-01-28 02:46:53'),(298,95,'en-MEEP','wraith','2013-01-28 02:46:53','2013-01-28 02:46:53'),(299,84,'en-MEEP','yellow','2013-01-28 02:46:53','2013-01-28 02:46:53'),(300,85,'en-MEEP','zombie','2013-01-28 02:46:53','2013-01-28 02:46:53'),(301,92,'es','8-bits','2013-02-12 05:33:20','2013-02-12 05:33:20'),(302,13,'es','a cuadros','2013-02-12 05:33:20','2013-02-12 05:33:20'),(303,94,'es','agua','2013-02-12 05:33:20','2013-02-12 05:33:20'),(304,5,'es','aguacate','2013-02-12 05:33:20','2013-02-12 05:33:20'),(305,28,'es','ajo','2013-02-12 05:33:20','2013-02-12 05:33:20'),(306,1,'es','alienígena','2013-02-12 05:33:20','2013-02-12 05:33:20'),(307,84,'es','amarillo','2013-02-12 05:33:20','2013-02-12 05:33:20'),(308,98,'es','anciana','2013-02-12 05:33:20','2013-02-12 05:33:20'),(309,97,'es','anciano','2013-02-12 05:33:20','2013-02-12 05:33:20'),(310,96,'es','anochecer','2013-02-12 05:33:20','2013-02-12 05:33:20'),(311,77,'es','a rayas','2013-02-12 05:33:20','2013-02-12 05:33:20'),(312,17,'es','arcilla ','2013-02-12 05:33:20','2013-02-12 05:33:20'),(313,60,'es','arco iris','2013-02-12 05:33:20','2013-02-12 05:33:20'),(314,8,'es','azul','2013-02-12 05:33:20','2013-02-12 05:33:20'),(315,25,'es','azul eléctrico','2013-02-12 05:33:20','2013-02-12 05:33:20'),(316,6,'es','bebé','2013-02-12 05:33:20','2013-02-12 05:33:20'),(317,4,'es','berenjena','2013-02-12 05:33:20','2013-02-12 05:33:20'),(318,83,'es','blanco','2013-02-12 05:33:21','2013-02-12 05:33:21'),(319,89,'es','bosque','2013-02-12 05:33:21','2013-02-12 05:33:21'),(320,11,'es','camuflaje','2013-02-12 05:33:21','2013-02-12 05:33:21'),(321,86,'es','cebolla','2013-02-12 05:33:21','2013-02-12 05:33:21'),(322,14,'es','chocolate','2013-02-12 05:33:21','2013-02-12 05:33:21'),(323,15,'es','chokato','2013-02-12 05:33:21','2013-02-12 05:33:21'),(324,55,'es','ciruela','2013-02-12 05:33:21','2013-02-12 05:33:21'),(325,19,'es','coco','2013-02-12 05:33:21','2013-02-12 05:33:21'),(326,71,'es','con manchas','2013-02-12 05:33:21','2013-02-12 05:33:21'),(327,74,'es','con motas','2013-02-12 05:33:21','2013-02-12 05:33:21'),(328,21,'es','darigan','2013-02-12 05:33:21','2013-02-12 05:33:21'),(329,22,'es','desierto','2013-02-12 05:33:21','2013-02-12 05:33:21'),(330,67,'es','dibujo','2013-02-12 05:33:21','2013-02-12 05:33:21'),(331,100,'es','dimensional','2013-02-12 05:33:21','2013-02-12 05:33:21'),(332,23,'es','disco','2013-02-12 05:33:21','2013-02-12 05:33:21'),(333,72,'es','dividido','2013-02-12 05:33:21','2013-02-12 05:33:21'),(334,31,'es','dorado','2013-02-12 05:33:21','2013-02-12 05:33:21'),(335,24,'es','durian','2013-02-12 05:33:21','2013-02-12 05:33:21'),(336,3,'es','espárrago','2013-02-12 05:33:21','2013-02-12 05:33:21'),(337,95,'es','espíritu','2013-02-12 05:33:21','2013-02-12 05:33:21'),(338,78,'es','espinabaya','2013-02-12 05:33:21','2013-02-12 05:33:21'),(339,73,'es','esponja','2013-02-12 05:33:21','2013-02-12 05:33:21'),(340,75,'es','estrellado','2013-02-12 05:33:21','2013-02-12 05:33:21'),(341,29,'es','fantasma','2013-02-12 05:33:21','2013-02-12 05:33:21'),(342,20,'es','flan','2013-02-12 05:33:21','2013-02-12 05:33:21'),(343,30,'es','fluorescente','2013-02-12 05:33:21','2013-02-12 05:33:21'),(344,76,'es','fresa','2013-02-12 05:33:21','2013-02-12 05:33:21'),(345,27,'es','fuego','2013-02-12 05:33:21','2013-02-12 05:33:21'),(346,7,'es','galleta','2013-02-12 05:33:21','2013-02-12 05:33:21'),(347,32,'es','gansobaya','2013-02-12 05:33:21','2013-02-12 05:33:21'),(348,40,'es','gelatina','2013-02-12 05:33:21','2013-02-12 05:33:21'),(349,35,'es','gris','2013-02-12 05:33:21','2013-02-12 05:33:21'),(350,48,'es','guisante','2013-02-12 05:33:21','2013-02-12 05:33:21'),(351,26,'es','hada','2013-02-12 05:33:21','2013-02-12 05:33:21'),(352,36,'es','halloween','2013-02-12 05:33:21','2013-02-12 05:33:21'),(353,37,'es','hielo','2013-02-12 05:33:21','2013-02-12 05:33:21'),(354,38,'es','invisible','2013-02-12 05:33:21','2013-02-12 05:33:21'),(355,39,'es','isla','2013-02-12 05:33:21','2013-02-12 05:33:21'),(356,41,'es','limón','2013-02-12 05:33:21','2013-02-12 05:33:21'),(357,42,'es','limón','2013-02-12 05:33:21','2013-02-12 05:33:21'),(358,87,'es','magma','2013-02-12 05:33:21','2013-02-12 05:33:21'),(359,2,'es','manzana','2013-02-12 05:33:21','2013-02-12 05:33:21'),(360,91,'es','maractita','2013-02-12 05:33:21','2013-02-12 05:33:21'),(361,44,'es','maracuático','2013-02-12 05:33:21','2013-02-12 05:33:21'),(362,10,'es','marrón','2013-02-12 05:33:21','2013-02-12 05:33:21'),(363,43,'es','marshmallow','2013-02-12 05:33:21','2013-02-12 05:33:21'),(364,49,'es','melocotón','2013-02-12 05:33:21','2013-02-12 05:33:21'),(365,93,'es','metano','2013-02-12 05:33:21','2013-02-12 05:33:21'),(366,69,'es','moco','2013-02-12 05:33:21','2013-02-12 05:33:21'),(367,68,'es','mofeta','2013-02-12 05:33:21','2013-02-12 05:33:21'),(368,9,'es','mora azul','2013-02-12 05:33:21','2013-02-12 05:33:21'),(369,57,'es','morado','2013-02-12 05:33:21','2013-02-12 05:33:21'),(370,45,'es','msp','2013-02-12 05:33:21','2013-02-12 05:33:21'),(371,46,'es','mutante','2013-02-12 05:33:21','2013-02-12 05:33:21'),(372,47,'es','naranja','2013-02-12 05:33:21','2013-02-12 05:33:21'),(373,16,'es','navidad','2013-02-12 05:33:21','2013-02-12 05:33:21'),(374,64,'es','niña de la realeza','2013-02-12 05:33:21','2013-02-12 05:33:21'),(375,63,'es','niño de la realeza','2013-02-12 05:33:22','2013-02-12 05:33:22'),(376,70,'es','nieve','2013-02-12 05:33:22','2013-02-12 05:33:22'),(377,18,'es','nube','2013-02-12 05:33:22','2013-02-12 05:33:22'),(378,56,'es','peluche','2013-02-12 05:33:22','2013-02-12 05:33:22'),(379,50,'es','pera','2013-02-12 05:33:22','2013-02-12 05:33:22'),(380,52,'es','piña','2013-02-12 05:33:22','2013-02-12 05:33:22'),(381,51,'es','pimiento','2013-02-12 05:33:22','2013-02-12 05:33:22'),(382,54,'es','pirata','2013-02-12 05:33:22','2013-02-12 05:33:22'),(383,66,'es','plateado','2013-02-12 05:33:22','2013-02-12 05:33:22'),(384,59,'es','quiguki niña','2013-02-12 05:33:22','2013-02-12 05:33:22'),(385,58,'es','quiguki niño','2013-02-12 05:33:22','2013-02-12 05:33:22'),(386,88,'es','reliquia','2013-02-12 05:33:22','2013-02-12 05:33:22'),(387,62,'es','robot','2013-02-12 05:33:22','2013-02-12 05:33:22'),(388,61,'es','rojo','2013-02-12 05:33:22','2013-02-12 05:33:22'),(389,53,'es','rosa','2013-02-12 05:33:22','2013-02-12 05:33:22'),(390,99,'es','sigiloso','2013-02-12 05:33:22','2013-02-12 05:33:22'),(391,65,'es','sombra','2013-02-12 05:33:22','2013-02-12 05:33:22'),(392,79,'es','tomate','2013-02-12 05:33:22','2013-02-12 05:33:22'),(393,90,'es','transparente','2013-02-12 05:33:22','2013-02-12 05:33:22'),(394,80,'es','tyranniano','2013-02-12 05:33:22','2013-02-12 05:33:22'),(395,82,'es','usuki niña','2013-02-12 05:33:22','2013-02-12 05:33:22'),(396,81,'es','usuki niño','2013-02-12 05:33:22','2013-02-12 05:33:22'),(397,33,'es','uva','2013-02-12 05:33:22','2013-02-12 05:33:22'),(398,34,'es','verde','2013-02-12 05:33:22','2013-02-12 05:33:22'),(399,12,'es','zanahoria ','2013-02-12 05:33:22','2013-02-12 05:33:22'),(400,85,'es','zombi','2013-02-12 05:33:22','2013-02-12 05:33:22'),(401,101,'en','agueena','2013-02-16 06:01:08','2013-12-21 01:15:19'),(402,101,'pt','Agueena','2013-02-16 06:03:06','2013-02-16 06:03:06'),(403,101,'es','Agüina','2013-02-16 06:03:06','2013-02-16 06:03:06'),(404,102,'en','pastel','2013-12-21 01:19:37','2014-11-15 01:52:51'),(405,-1,'en','nebula','2014-04-01 03:18:20','2014-04-01 03:18:20'),(406,103,'en','ummagine','2014-10-03 21:54:58','2014-11-15 01:54:18'),(407,-1,'pt','nebula','2014-11-15 01:50:34','2014-11-15 01:50:34'),(408,-1,'es','nebula','2014-11-15 01:50:34','2014-11-15 01:50:34'),(409,-1,'en-MEEP','nebula','2014-11-15 01:50:34','2014-11-15 01:50:34'),(410,101,'en-MEEP','agueena','2014-11-15 01:51:08','2014-11-15 01:51:08'),(411,102,'en-MEEP','pastel','2014-11-15 01:52:51','2014-11-15 01:52:51'),(412,102,'pt','pastel','2014-11-15 01:52:51','2014-11-15 01:52:51'),(413,102,'es','pastel','2014-11-15 01:52:51','2014-11-15 01:52:51'),(414,103,'es','rarajena','2014-11-15 01:54:18','2014-11-15 01:54:18'),(415,103,'pt','ummagina','2014-11-15 01:54:18','2014-11-15 01:54:18'),(416,103,'en-MEEP','ummagine','2014-11-15 01:54:18','2014-11-15 01:54:18'),(417,104,'en','Polka Dot','2015-02-12 02:29:50','2015-02-12 02:29:50'),(418,104,'en-MEEP','Polka Dot','2015-02-12 02:31:47','2015-02-12 02:31:47'),(419,104,'pt','Polka Dot','2015-02-12 02:31:47','2015-02-12 02:31:47'),(420,104,'es','Polka Dot','2015-02-12 02:31:47','2015-02-12 02:31:47'),(421,105,'en','Candy','2017-02-23 19:19:07','2017-02-23 19:19:07'),(422,106,'en','marble','2017-02-23 19:29:00','2017-02-23 19:29:00'),(423,107,'en','Steampunk','2018-01-27 23:54:10','2018-01-27 23:54:10'),(424,108,'en','Toy','2018-02-14 22:40:32','2018-02-14 22:40:32'),(425,109,'en','Origami','2018-03-07 04:53:11','2018-03-07 04:53:11'),(426,110,'en','Oil Paint','2019-03-07 03:15:31','2019-03-07 03:20:36'),(427,111,'en','Mosaic','2019-04-29 18:04:39','2019-04-29 18:04:39'),(428,112,'en','Burlap','2019-04-29 18:06:47','2019-04-29 18:06:47'),(429,114,'en','Juppie Swirl',NULL,NULL);
/*!40000 ALTER TABLE `color_translations` ENABLE KEYS */;
UNLOCK TABLES;

--
-- Table structure for table `zones`
--

DROP TABLE IF EXISTS `zones`;
/*!40101 SET @saved_cs_client     = @@character_set_client */;
/*!40101 SET character_set_client = utf8 */;
CREATE TABLE `zones` (
  `id` int(11) NOT NULL AUTO_INCREMENT,
  `depth` int(11) DEFAULT NULL,
  `type_id` int(11) DEFAULT NULL,
  PRIMARY KEY (`id`)
) ENGINE=InnoDB AUTO_INCREMENT=53 DEFAULT CHARSET=latin1;
/*!40101 SET character_set_client = @saved_cs_client */;

--
-- Dumping data for table `zones`
--

LOCK TABLES `zones` WRITE;
/*!40000 ALTER TABLE `zones` DISABLE KEYS */;
INSERT INTO `zones` VALUES (1,1,4),(2,2,4),(3,3,3),(4,6,1),(5,7,1),(6,8,2),(7,9,1),(8,10,2),(9,11,1),(10,12,1),(11,13,2),(12,14,1),(13,15,2),(14,17,1),(15,18,1),(16,19,2),(17,20,1),(18,21,1),(19,22,2),(20,23,1),(21,24,2),(22,25,1),(23,26,2),(24,28,2),(25,29,2),(26,30,2),(27,31,2),(28,32,1),(29,33,1),(30,34,1),(31,35,2),(32,36,1),(33,37,1),(34,38,1),(35,41,2),(36,39,2),(37,40,1),(38,42,1),(39,43,1),(40,44,2),(41,45,2),(42,46,2),(43,47,2),(44,49,3),(45,50,3),(46,48,2),(47,51,3),(48,4,3),(49,5,2),(50,16,2),(51,27,2),(52,52,3);
/*!40000 ALTER TABLE `zones` ENABLE KEYS */;
UNLOCK TABLES;

--
-- Table structure for table `zone_translations`
--

DROP TABLE IF EXISTS `zone_translations`;
/*!40101 SET @saved_cs_client     = @@character_set_client */;
/*!40101 SET character_set_client = utf8 */;
CREATE TABLE `zone_translations` (
  `id` int(11) NOT NULL AUTO_INCREMENT,
  `zone_id` int(11) DEFAULT NULL,
  `locale` varchar(255) DEFAULT NULL,
  `label` varchar(255) DEFAULT NULL,
  `plain_label` varchar(255) DEFAULT NULL,
  `created_at` datetime DEFAULT NULL,
  `updated_at` datetime DEFAULT NULL,
  PRIMARY KEY (`id`),
  KEY `index_zone_translations_on_zone_id` (`zone_id`),
  KEY `index_zone_translations_on_locale` (`locale`)
) ENGINE=InnoDB AUTO_INCREMENT=209 DEFAULT CHARSET=latin1;
/*!40101 SET character_set_client = @saved_cs_client */;

--
-- Dumping data for table `zone_translations`
--

LOCK TABLES `zone_translations` WRITE;
/*!40000 ALTER TABLE `zone_translations` DISABLE KEYS */;
INSERT INTO `zone_translations` VALUES (1,1,'en','Music','music','2013-01-27 06:10:45','2013-01-27 06:10:45'),(2,2,'en','Sound Effects','soundeffects','2013-01-27 06:10:45','2013-01-27 06:10:45'),(3,3,'en','Background','background','2013-01-27 06:10:45','2013-01-27 06:10:45'),(4,4,'en','Biology Effects','biologyeffects','2013-01-27 06:10:45','2013-01-27 06:10:45'),(5,5,'en','Hind Biology','hindbiology','2013-01-27 06:10:45','2013-01-27 06:10:45'),(6,6,'en','Markings','markings','2013-01-27 06:10:45','2013-01-27 06:10:45'),(7,7,'en','Hind Disease','hinddisease','2013-01-27 06:10:45','2013-01-27 06:10:45'),(8,8,'en','Hind Cover','hindcover','2013-01-27 06:10:45','2013-01-27 06:10:45'),(9,9,'en','Hind Transient Biology','hindtransientbiology','2013-01-27 06:10:45','2013-01-27 06:10:45'),(10,10,'en','Hind Drippings','hinddrippings','2013-01-27 06:10:45','2013-01-27 06:10:45'),(11,11,'en','Backpack','backpack','2013-01-27 06:10:45','2013-01-27 06:10:45'),(12,12,'en','Wings Transient Biology','wingstransientbiology','2013-01-27 06:10:45','2013-01-27 06:10:45'),(13,13,'en','Wings','wings','2013-01-27 06:10:45','2013-01-27 06:10:45'),(14,14,'en','Hair Back','hairback','2013-01-27 06:10:45','2013-01-27 06:10:45'),(15,15,'en','Body','body','2013-01-27 06:10:45','2013-01-27 06:10:45'),(16,16,'en','Markings','markings','2013-01-27 06:10:45','2013-01-27 06:10:45'),(17,17,'en','Body Disease','bodydisease','2013-01-27 06:10:45','2013-01-27 06:10:45'),(18,18,'en','Feet Transient Biology','feettransientbiology','2013-01-27 06:10:45','2013-01-27 06:10:45'),(19,19,'en','Shoes','shoes','2013-01-27 06:10:45','2013-01-27 06:10:45'),(20,20,'en','Lower-body Transient Biology','lowerbodytransientbiology','2013-01-27 06:10:45','2013-01-27 06:10:45'),(21,21,'en','Trousers','trousers','2013-01-27 06:10:45','2013-01-27 06:10:45'),(22,22,'en','Upper-body Transient Biology','upperbodytransientbiology','2013-01-27 06:10:45','2013-01-27 06:10:45'),(23,23,'en','Shirt/Dress','shirtdress','2013-01-27 06:10:45','2013-01-27 06:10:45'),(24,24,'en','Necklace','necklace','2013-01-27 06:10:45','2013-01-27 06:10:45'),(25,25,'en','Gloves','gloves','2013-01-27 06:10:45','2013-01-27 06:10:45'),(26,26,'en','Jacket','jacket','2013-01-27 06:10:45','2013-01-27 06:10:45'),(27,27,'en','Collar','collar','2013-01-27 06:10:45','2013-01-27 06:10:45'),(28,28,'en','Body Drippings','bodydrippings','2013-01-27 06:10:45','2013-01-27 06:10:45'),(29,29,'en','Ruff','ruff','2013-01-27 06:10:45','2013-01-27 06:10:45'),(30,30,'en','Head','head','2013-01-27 06:10:45','2013-01-27 06:10:45'),(31,31,'en','Markings','markings','2013-01-27 06:10:45','2013-01-27 06:10:45'),(32,32,'en','Head Disease','headdisease','2013-01-27 06:10:45','2013-01-27 06:10:45'),(33,33,'en','Eyes','eyes','2013-01-27 06:10:45','2013-01-27 06:10:45'),(34,34,'en','Mouth','mouth','2013-01-27 06:10:45','2013-01-27 06:10:45'),(35,35,'en','Glasses','glasses','2013-01-27 06:10:45','2013-01-27 06:10:45'),(36,36,'en','Earrings','earrings','2013-01-27 06:10:45','2013-01-27 06:10:45'),(37,37,'en','Hair Front','hairfront','2013-01-27 06:10:45','2013-01-27 06:10:45'),(38,38,'en','Head Transient Biology','headtransientbiology','2013-01-27 06:10:45','2013-01-27 06:10:45'),(39,39,'en','Head Drippings','headdrippings','2013-01-27 06:10:45','2013-01-27 06:10:45'),(40,40,'en','Hat','hat','2013-01-27 06:10:45','2013-01-27 06:10:45'),(41,41,'en','Earrings','earrings','2013-01-27 06:10:45','2013-01-27 06:10:45'),(42,42,'en','Right-hand Item','righthanditem','2013-01-27 06:10:45','2014-04-06 04:25:35'),(43,43,'en','Left-hand Item','lefthanditem','2013-01-27 06:10:45','2014-04-06 04:25:35'),(44,44,'en','Higher Foreground Item','higherforegrounditem','2013-01-27 06:10:45','2014-04-06 04:25:35'),(45,45,'en','Lower Foreground Item','lowerforegrounditem','2013-01-27 06:10:45','2014-04-06 04:25:35'),(46,46,'en','Static','static','2013-01-27 06:10:46','2013-01-27 06:10:46'),(47,47,'en','Thought Bubble','thoughtbubble','2013-01-27 06:10:46','2013-01-27 06:10:46'),(48,48,'en','Background Item','backgrounditem','2013-01-27 06:10:46','2014-04-06 04:25:35'),(49,49,'en','Right-hand Item','righthanditem','2013-01-27 06:10:46','2014-04-06 04:25:35'),(50,50,'en','Hat','hat','2013-01-27 06:10:46','2013-01-27 06:10:46'),(51,51,'en','Belt','belt','2013-01-27 06:10:46','2013-01-27 06:10:46'),(52,52,'en','Foreground','foreground','2013-01-27 06:10:46','2013-01-27 06:10:46'),(53,52,'pt','Frente','frente','2013-01-27 06:11:02','2013-01-27 06:11:02'),(54,47,'pt','Balão de Pensamento','balaodepensamento','2013-01-27 06:11:02','2013-01-27 06:11:02'),(55,45,'pt','Artigo Inferior Frontal','artigoinferiorfrontal','2013-01-27 06:11:02','2013-01-27 06:11:02'),(56,44,'pt','Artigo Superior Frontal','artigosuperiorfrontal','2013-01-27 06:11:02','2013-01-27 06:11:02'),(57,46,'pt','Static','static','2013-01-27 06:11:02','2013-01-27 06:11:02'),(58,43,'pt','Mão Esquerda','maoesquerda','2013-01-27 06:11:02','2013-01-27 06:11:02'),(59,42,'pt','Mão Direita','maodireita','2013-01-27 06:11:02','2013-01-27 06:11:02'),(60,41,'pt','Brincos','brincos','2013-01-27 06:11:02','2013-01-27 06:11:02'),(61,40,'pt','Chapéus','chapeus','2013-01-27 06:11:02','2013-01-27 06:11:02'),(62,39,'pt','Head Drippings','headdrippings','2013-01-27 06:11:02','2013-01-27 06:11:02'),(63,38,'pt','Head Transient Biology','headtransientbiology','2013-01-27 06:11:02','2013-01-27 06:11:02'),(64,35,'pt','Olhos','olhos','2013-01-27 06:11:02','2013-01-27 06:11:02'),(65,37,'pt','Pêlo Frontal','pelofrontal','2013-01-27 06:11:02','2013-01-27 06:11:02'),(66,36,'pt','Brincos','brincos','2013-01-27 06:11:02','2013-01-27 06:11:02'),(67,34,'pt','Mouth','mouth','2013-01-27 06:11:02','2013-01-27 06:11:02'),(68,33,'pt','Eyes','eyes','2013-01-27 06:11:02','2013-01-27 06:11:02'),(69,32,'pt','Head Disease','headdisease','2013-01-27 06:11:02','2013-01-27 06:11:02'),(70,31,'pt','Marcas','marcas','2013-01-27 06:11:02','2013-01-27 06:11:02'),(71,30,'pt','Head','head','2013-01-27 06:11:02','2013-01-27 06:11:02'),(72,29,'pt','Ruff','ruff','2013-01-27 06:11:02','2013-01-27 06:11:02'),(73,28,'pt','Body Drippings','bodydrippings','2013-01-27 06:11:02','2013-01-27 06:11:02'),(74,27,'pt','Pescoço','pescoco','2013-01-27 06:11:02','2013-01-27 06:11:02'),(75,26,'pt','Casacos','casacos','2013-01-27 06:11:02','2013-01-27 06:11:02'),(76,25,'pt','Luvas','luvas','2013-01-27 06:11:02','2013-01-27 06:11:02'),(77,24,'pt','Colares','colares','2013-01-27 06:11:02','2013-01-27 06:11:02'),(78,51,'pt','Cinto','cinto','2013-01-27 06:11:02','2013-01-27 06:11:02'),(79,23,'pt','Camisa/Vestido','camisavestido','2013-01-27 06:11:02','2013-01-27 06:11:02'),(80,22,'pt','Upper-body Transient Biology','upperbodytransientbiology','2013-01-27 06:11:02','2013-01-27 06:11:02'),(81,21,'pt','Calças','calcas','2013-01-27 06:11:02','2013-01-27 06:11:02'),(82,20,'pt','Lower-body Transient Biology','lowerbodytransientbiology','2013-01-27 06:11:02','2013-01-27 06:11:02'),(83,19,'pt','Sapatos','sapatos','2013-01-27 06:11:02','2013-01-27 06:11:02'),(84,18,'pt','Feet Transient Biology','feettransientbiology','2013-01-27 06:11:02','2013-01-27 06:11:02'),(85,17,'pt','Body Disease','bodydisease','2013-01-27 06:11:02','2013-01-27 06:11:02'),(86,16,'pt','Marcas','marcas','2013-01-27 06:11:02','2013-01-27 06:11:02'),(87,15,'pt','Body','body','2013-01-27 06:11:02','2013-01-27 06:11:02'),(88,14,'pt','Pêlo Traseiro','pelotraseiro','2013-01-27 06:11:02','2013-01-27 06:11:02'),(89,50,'pt','Chapéus','chapeus','2013-01-27 06:11:02','2013-01-27 06:11:02'),(90,13,'pt','Asas','asas','2013-01-27 06:11:02','2013-01-27 06:11:02'),(91,12,'pt','Wings Transient Biology','wingstransientbiology','2013-01-27 06:11:02','2013-01-27 06:11:02'),(92,11,'pt','Mochilas','mochilas','2013-01-27 06:11:02','2013-01-27 06:11:02'),(93,10,'pt','Hind Drippings','hinddrippings','2013-01-27 06:11:02','2013-01-27 06:11:02'),(94,9,'pt','Hind Transient Biology','hindtransientbiology','2013-01-27 06:11:02','2013-01-27 06:11:02'),(95,8,'pt','Adornos Traseiros','adornostraseiros','2013-01-27 06:11:02','2013-01-27 06:11:02'),(96,7,'pt','Hind Disease','hinddisease','2013-01-27 06:11:02','2013-01-27 06:11:02'),(97,6,'pt','Marcas','marcas','2013-01-27 06:11:02','2013-01-27 06:11:02'),(98,5,'pt','Hind Biology','hindbiology','2013-01-27 06:11:02','2013-01-27 06:11:02'),(99,4,'pt','Biology Effects','biologyeffects','2013-01-27 06:11:02','2013-01-27 06:11:02'),(100,49,'pt','Mão Direita','maodireita','2013-01-27 06:11:02','2013-01-27 06:11:02'),(101,48,'pt','Artigos de Fundo','artigosdefundo','2013-01-27 06:11:02','2013-01-27 06:11:02'),(102,3,'pt','Fundos de Imagem','fundosdeimagem','2013-01-27 06:11:02','2013-01-27 06:11:02'),(103,2,'pt','Efeitos Sonoros','efeitossonoros','2013-01-27 06:11:02','2013-01-27 06:11:02'),(104,1,'pt','Músicas','musicas','2013-01-27 06:11:02','2013-01-27 06:11:02'),(105,52,'en-MEEP','Foreground','foreground','2013-01-28 02:46:27','2013-01-28 02:46:27'),(106,47,'en-MEEP','Thought Bubble','thoughtbubble','2013-01-28 02:46:27','2013-01-28 02:46:27'),(107,45,'en-MEEP','Lower Foreground Item','lowerforegrounditem','2013-01-28 02:46:27','2013-01-28 02:46:27'),(108,44,'en-MEEP','Higher Foreground Item','higherforegrounditem','2013-01-28 02:46:27','2013-01-28 02:46:27'),(109,46,'en-MEEP','Static','static','2013-01-28 02:46:27','2013-01-28 02:46:27'),(110,43,'en-MEEP','Left-hand Item','lefthanditem','2013-01-28 02:46:27','2013-01-28 02:46:27'),(111,42,'en-MEEP','Right-hand Item','righthanditem','2013-01-28 02:46:27','2013-01-28 02:46:27'),(112,41,'en-MEEP','Earrings','earrings','2013-01-28 02:46:27','2013-01-28 02:46:27'),(113,40,'en-MEEP','Hat','hat','2013-01-28 02:46:27','2013-01-28 02:46:27'),(114,39,'en-MEEP','Head Drippings','headdrippings','2013-01-28 02:46:27','2013-01-28 02:46:27'),(115,38,'en-MEEP','Head Transient Biology','headtransientbiology','2013-01-28 02:46:27','2013-01-28 02:46:27'),(116,35,'en-MEEP','Glasses','glasses','2013-01-28 02:46:27','2013-01-28 02:46:27'),(117,37,'en-MEEP','Hair Front','hairfront','2013-01-28 02:46:27','2013-01-28 02:46:27'),(118,36,'en-MEEP','Earrings','earrings','2013-01-28 02:46:27','2013-01-28 02:46:27'),(119,34,'en-MEEP','Mouth','mouth','2013-01-28 02:46:27','2013-01-28 02:46:27'),(120,33,'en-MEEP','Eyes','eyes','2013-01-28 02:46:27','2013-01-28 02:46:27'),(121,32,'en-MEEP','Head Disease','headdisease','2013-01-28 02:46:27','2013-01-28 02:46:27'),(122,31,'en-MEEP','Markings','markings','2013-01-28 02:46:27','2013-01-28 02:46:27'),(123,30,'en-MEEP','Head','head','2013-01-28 02:46:27','2013-01-28 02:46:27'),(124,29,'en-MEEP','Ruff','ruff','2013-01-28 02:46:27','2013-01-28 02:46:27'),(125,28,'en-MEEP','Body Drippings','bodydrippings','2013-01-28 02:46:27','2013-01-28 02:46:27'),(126,27,'en-MEEP','Collar','collar','2013-01-28 02:46:27','2013-01-28 02:46:27'),(127,26,'en-MEEP','Jacket','jacket','2013-01-28 02:46:27','2013-01-28 02:46:27'),(128,25,'en-MEEP','Gloves','gloves','2013-01-28 02:46:27','2013-01-28 02:46:27'),(129,24,'en-MEEP','Necklace','necklace','2013-01-28 02:46:27','2013-01-28 02:46:27'),(130,51,'en-MEEP','Belt','belt','2013-01-28 02:46:27','2013-01-28 02:46:27'),(131,23,'en-MEEP','Shirt/Dress','shirtdress','2013-01-28 02:46:27','2013-01-28 02:46:27'),(132,22,'en-MEEP','Upper-body Transient Biology','upperbodytransientbiology','2013-01-28 02:46:27','2013-01-28 02:46:27'),(133,21,'en-MEEP','Trousers','trousers','2013-01-28 02:46:27','2013-01-28 02:46:27'),(134,20,'en-MEEP','Lower-body Transient Biology','lowerbodytransientbiology','2013-01-28 02:46:27','2013-01-28 02:46:27'),(135,19,'en-MEEP','Shoes','shoes','2013-01-28 02:46:27','2013-01-28 02:46:27'),(136,18,'en-MEEP','Feet Transient Biology','feettransientbiology','2013-01-28 02:46:28','2013-01-28 02:46:28'),(137,17,'en-MEEP','Body Disease','bodydisease','2013-01-28 02:46:28','2013-01-28 02:46:28'),(138,16,'en-MEEP','Markings','markings','2013-01-28 02:46:28','2013-01-28 02:46:28'),(139,15,'en-MEEP','Body','body','2013-01-28 02:46:28','2013-01-28 02:46:28'),(140,14,'en-MEEP','Hair Back','hairback','2013-01-28 02:46:28','2013-01-28 02:46:28'),(141,50,'en-MEEP','Hat','hat','2013-01-28 02:46:28','2013-01-28 02:46:28'),(142,13,'en-MEEP','Wings','wings','2013-01-28 02:46:28','2013-01-28 02:46:28'),(143,12,'en-MEEP','Wings Transient Biology','wingstransientbiology','2013-01-28 02:46:28','2013-01-28 02:46:28'),(144,11,'en-MEEP','Backpack','backpack','2013-01-28 02:46:28','2013-01-28 02:46:28'),(145,10,'en-MEEP','Hind Drippings','hinddrippings','2013-01-28 02:46:28','2013-01-28 02:46:28'),(146,9,'en-MEEP','Hind Transient Biology','hindtransientbiology','2013-01-28 02:46:28','2013-01-28 02:46:28'),(147,8,'en-MEEP','Hind Cover','hindcover','2013-01-28 02:46:28','2013-01-28 02:46:28'),(148,7,'en-MEEP','Hind Disease','hinddisease','2013-01-28 02:46:28','2013-01-28 02:46:28'),(149,6,'en-MEEP','Markings','markings','2013-01-28 02:46:28','2013-01-28 02:46:28'),(150,5,'en-MEEP','Hind Biology','hindbiology','2013-01-28 02:46:28','2013-01-28 02:46:28'),(151,4,'en-MEEP','Biology Effects','biologyeffects','2013-01-28 02:46:28','2013-01-28 02:46:28'),(152,49,'en-MEEP','Right-hand Item','righthanditem','2013-01-28 02:46:28','2013-01-28 02:46:28'),(153,48,'en-MEEP','Background Item','backgrounditem','2013-01-28 02:46:28','2013-01-28 02:46:28'),(154,3,'en-MEEP','Background','background','2013-01-28 02:46:28','2013-01-28 02:46:28'),(155,2,'en-MEEP','Sound Effects','soundeffects','2013-01-28 02:46:28','2013-01-28 02:46:28'),(156,1,'en-MEEP','Music','music','2013-01-28 02:46:28','2013-01-28 02:46:28'),(157,52,'es','Primer plano ','primerplano','2013-02-12 05:32:05','2013-02-12 05:32:05'),(158,47,'es','Burbujas de ideas','burbujasdeideas','2013-02-12 05:32:05','2013-02-12 05:32:05'),(159,45,'es','Objetos de primer plano bajo','objetosdeprimerplanobajo','2013-02-12 05:32:05','2013-02-12 05:32:05'),(160,44,'es','Objetos en primer plano alto ','objetosenprimerplanoalto','2013-02-12 05:32:05','2013-02-12 05:32:05'),(161,46,'es','Static','static','2013-02-12 05:32:05','2013-02-12 05:32:05'),(162,43,'es','Objetos para la mano izquierda','objetosparalamanoizquierda','2013-02-12 05:32:05','2013-02-12 05:32:05'),(163,42,'es','Objeto para la mano derecha','objetoparalamanoderecha','2013-02-12 05:32:05','2013-02-12 05:32:05'),(164,41,'es','Aretes','aretes','2013-02-12 05:32:05','2013-02-12 05:32:05'),(165,40,'es','Sombrero','sombrero','2013-02-12 05:32:05','2013-02-12 05:32:05'),(166,39,'es','Head Drippings','headdrippings','2013-02-12 05:32:05','2013-02-12 05:32:05'),(167,38,'es','Head Transient Biology','headtransientbiology','2013-02-12 05:32:05','2013-02-12 05:32:05'),(168,35,'es','Lentes','lentes','2013-02-12 05:32:05','2013-02-12 05:32:05'),(169,37,'es','Pelo de enfrente','pelodeenfrente','2013-02-12 05:32:05','2013-02-12 05:32:05'),(170,36,'es','Aretes','aretes','2013-02-12 05:32:05','2013-02-12 05:32:05'),(171,34,'es','Mouth','mouth','2013-02-12 05:32:05','2013-02-12 05:32:05'),(172,33,'es','Eyes','eyes','2013-02-12 05:32:05','2013-02-12 05:32:05'),(173,32,'es','Head Disease','headdisease','2013-02-12 05:32:05','2013-02-12 05:32:05'),(174,31,'es','Marcas','marcas','2013-02-12 05:32:05','2013-02-12 05:32:05'),(175,30,'es','Head','head','2013-02-12 05:32:05','2013-02-12 05:32:05'),(176,29,'es','Ruff','ruff','2013-02-12 05:32:05','2013-02-12 05:32:05'),(177,28,'es','Body Drippings','bodydrippings','2013-02-12 05:32:05','2013-02-12 05:32:05'),(178,27,'es','Cuello','cuello','2013-02-12 05:32:05','2013-02-12 05:32:05'),(179,26,'es','Saco','saco','2013-02-12 05:32:05','2013-02-12 05:32:05'),(180,25,'es','Guantes','guantes','2013-02-12 05:32:05','2013-02-12 05:32:05'),(181,24,'es','Collar','collar','2013-02-12 05:32:05','2013-02-12 05:32:05'),(182,51,'es','Cinturones','cinturones','2013-02-12 05:32:05','2013-02-12 05:32:05'),(183,23,'es','Camisetas/Vestidos','camisetasvestidos','2013-02-12 05:32:05','2013-02-12 05:32:05'),(184,22,'es','Upper-body Transient Biology','upperbodytransientbiology','2013-02-12 05:32:05','2013-02-12 05:32:05'),(185,21,'es','Pantalones/Faldas','pantalonesfaldas','2013-02-12 05:32:05','2013-02-12 05:32:05'),(186,20,'es','Lower-body Transient Biology','lowerbodytransientbiology','2013-02-12 05:32:06','2013-02-12 05:32:06'),(187,19,'es','Zapatos','zapatos','2013-02-12 05:32:06','2013-02-12 05:32:06'),(188,18,'es','Feet Transient Biology','feettransientbiology','2013-02-12 05:32:06','2013-02-12 05:32:06'),(189,17,'es','Body Disease','bodydisease','2013-02-12 05:32:06','2013-02-12 05:32:06'),(190,16,'es','Marcas','marcas','2013-02-12 05:32:06','2013-02-12 05:32:06'),(191,15,'es','Body','body','2013-02-12 05:32:06','2013-02-12 05:32:06'),(192,14,'es','Pelo de atrás','pelodeatras','2013-02-12 05:32:06','2013-02-12 05:32:06'),(193,50,'es','Sombrero','sombrero','2013-02-12 05:32:06','2013-02-12 05:32:06'),(194,13,'es','Alas','alas','2013-02-12 05:32:06','2013-02-12 05:32:06'),(195,12,'es','Wings Transient Biology','wingstransientbiology','2013-02-12 05:32:06','2013-02-12 05:32:06'),(196,11,'es','Mochila','mochila','2013-02-12 05:32:06','2013-02-12 05:32:06'),(197,10,'es','Hind Drippings','hinddrippings','2013-02-12 05:32:06','2013-02-12 05:32:06'),(198,9,'es','Hind Transient Biology','hindtransientbiology','2013-02-12 05:32:06','2013-02-12 05:32:06'),(199,8,'es','Cubierta trasera','cubiertatrasera','2013-02-12 05:32:06','2013-02-12 05:32:06'),(200,7,'es','Hind Disease','hinddisease','2013-02-12 05:32:06','2013-02-12 05:32:06'),(201,6,'es','Marcas','marcas','2013-02-12 05:32:06','2013-02-12 05:32:06'),(202,5,'es','Hind Biology','hindbiology','2013-02-12 05:32:06','2013-02-12 05:32:06'),(203,4,'es','Biology Effects','biologyeffects','2013-02-12 05:32:06','2013-02-12 05:32:06'),(204,49,'es','Objeto para la mano derecha','objetoparalamanoderecha','2013-02-12 05:32:06','2013-02-12 05:32:06'),(205,48,'es','Objetos de fondo','objetosdefondo','2013-02-12 05:32:06','2013-02-12 05:32:06'),(206,3,'es','Fondo','fondo','2013-02-12 05:32:06','2013-02-12 05:32:06'),(207,2,'es','Efectos de sonido','efectosdesonido','2013-02-12 05:32:06','2013-02-12 05:32:06'),(208,1,'es','Música','musica','2013-02-12 05:32:06','2013-02-12 05:32:06');
/*!40000 ALTER TABLE `zone_translations` ENABLE KEYS */;
UNLOCK TABLES;
/*!40103 SET TIME_ZONE=@OLD_TIME_ZONE */;

/*!40101 SET SQL_MODE=@OLD_SQL_MODE */;
/*!40014 SET FOREIGN_KEY_CHECKS=@OLD_FOREIGN_KEY_CHECKS */;
/*!40014 SET UNIQUE_CHECKS=@OLD_UNIQUE_CHECKS */;
/*!40101 SET CHARACTER_SET_CLIENT=@OLD_CHARACTER_SET_CLIENT */;
/*!40101 SET CHARACTER_SET_RESULTS=@OLD_CHARACTER_SET_RESULTS */;
/*!40101 SET COLLATION_CONNECTION=@OLD_COLLATION_CONNECTION */;
/*!40111 SET SQL_NOTES=@OLD_SQL_NOTES */;

-- Dump completed on 2022-11-13  6:46:52
